TRANS_CIS,1,2
1,0.275092936802974,0.9985912543547374
2,0.10503089143865843,0.9998964299670752
