TRANS_CIS,1,2
1,0.275092936802974,0.724907063197026
2,0.10503089143865843,0.8949691085613416
